hii,Nothing much,2025-01-05 21:50:37
who is the father of computer?,Hello,2025-01-05 21:50:44
who is the father of computer?,Hey,2025-01-05 22:14:38
how are you,Hi there,2025-01-05 22:14:53
enchanted_compass,"I'm fine, thank you",2025-01-05 22:21:05
Using an enchanted compass,An enchanted compass is a fantastical device that guides travelers through mystical realms and hidden destinations.,2025-01-05 22:21:24
Finding the way through magical lands,Nothing much,2025-01-05 22:22:00
Delving into the mysteries of arcane alchemy,Alchemy was an early form of chemistry that laid the foundation for modern scientific discoveries.,2025-01-05 22:22:23
Tell me about spellbinding artifacts,Museums and cultural institutions house historical artifacts that tell stories of human civilization.,2025-01-05 22:22:35
gfhyj,Hey,2025-07-17 14:37:04
how are you,Hi there,2025-07-17 14:37:13
how are you,Hello,2025-07-17 14:37:59
about,"Gardening tips include choosing the right plants for your climate, watering properly, and using organic fertilizers.",2025-07-17 14:38:15
rdtfgh,Nothing much,2025-07-17 14:38:23
dfghyj,Hi there,2025-07-17 14:39:15
how are you,"I'm fine, thank you",2025-07-17 14:39:39
